<?xml version="1.0" encoding="UTF-8"?>
<hazelcast-client
        xsi:schemaLocation="http://www.hazelcast.com/schema/client-config hazelcast-client-config-3.5.xsd"
        xmlns="http://www.hazelcast.com/schema/client-config"
        xmlns:xsi="http://www.w3.org/2001/XMLSchema-instance">

    <group>
        <name>cache</name>
        <password>dev-pass</password>
    </group>
    <!-- request trial key at http://hazelcast.com/hazelcast-enterprise-trial/ -->
    <license-key>YOUR_ENTERPRISE_KEY</license-key>

    <network>
        <cluster-members>
            <address>127.0.0.1</address>
        </cluster-members>
        <smart-routing>true</smart-routing>
        <redo-operation>true</redo-operation>
        <connection-attempt-limit>1000</connection-attempt-limit>
    </network>

    <serialization>
        <use-native-byte-order>true</use-native-byte-order>
        <allow-unsafe>true</allow-unsafe>
    </serialization>

</hazelcast-client>
