<?xml version="1.0" encoding="UTF-8"?>
<hazelcast
        xsi:schemaLocation="http://www.hazelcast.com/schema/config http://www.hazelcast.com/schema/config/hazelcast-config-3.5.xsd"
        xmlns="http://www.hazelcast.com/schema/config"
        xmlns:xsi="http://www.w3.org/2001/XMLSchema-instance">

    <group>
        <name>caching-training</name>
        <password>pass</password>
    </group>

    <network>
    <port auto-increment="true" port-count="100">5701</port>
    <outbound-ports>
        <!--
        Allowed port range when connecting to other nodes.
        0 or * means use system provided port.
        -->
        <ports>0</ports>
    </outbound-ports>
    <join>
    <multicast enabled="true">
        <multicast-group>224.2.2.3</multicast-group>
        <multicast-port>54327</multicast-port>
    </multicast>
    <tcp-ip enabled="false">
        <!--interface>172.20.10.3</interface-->
        <member-list>
            <member>127.0.0.1:5701</member>
        </member-list>
    </tcp-ip>
    </join>
    </network>

    <map name="companies">
        <!-- map configuration -->
    </map>

</hazelcast>
