<?xml version="1.0" encoding="UTF-8"?>
<hazelcast xsi:schemaLocation="http://www.hazelcast.com/schema/config hazelcast-config-3.5.xsd"
           xmlns="http://www.hazelcast.com/schema/config"
           xmlns:xsi="http://www.w3.org/2001/XMLSchema-instance">
    <group>
        <name>cache</name>
        <password>dev-pass</password>
    </group>
    <!-- request trial key at http://hazelcast.com/hazelcast-enterprise-trial/ -->
    <license-key>YOUR_ENTERPRISE_KEY</license-key>

    <!-- management center is disabled by default -->
    <management-center enabled="true" update-interval="3">http://localhost:8080/mancenter/
    </management-center>

    <network>
        <port auto-increment="true" port-count="100">5701</port>
        <join>
            <multicast enabled="true">
            </multicast>
        </join>
    </network>

    <serialization>
        <use-native-byte-order>true</use-native-byte-order>
        <allow-unsafe>true</allow-unsafe>
    </serialization>

    <cache name="test">
        <statistics-enabled>true</statistics-enabled>
        <in-memory-format>NATIVE</in-memory-format>
        <backup-count>1</backup-count>
        <async-backup-count>0</async-backup-count>
        <eviction size="90" max-size-policy="USED_NATIVE_MEMORY_PERCENTAGE" eviction-policy="LRU"/>
    </cache>

    <native-memory allocator-type="POOLED" enabled="true">
        <size unit="GIGABYTES" value="3"/>
    </native-memory>

</hazelcast>
